{"questions" : [{"category":"anitta","question": "Quem vai ter seu app de Quiz publicado na Play Store", "choices": ["Judson Nunes","Judson Silva","Judson V. Durães","Carlos Fonegra"], "correctAnswer":0},
  {"category":"anitta","question": "Quem vai ter seu app de Quiz publicado na Play Store", "choices": ["Judson Nunes","Judson Silva","Judson V. Durães","Carlos Fonegra"], "correctAnswer":0},
  {"category":"anitta","question": "Quem vai ter seu app de Quiz publicado na Play Store", "choices": ["Judson Nunes","Judson Silva","Judson V. Durães","Carlos Fonegra"], "correctAnswer":0},
  {"category":"anitta","question": "Quem vai ter seu app de Quiz publicado na Play Store", "choices": ["Judson Nunes","Judson Silva","Judson V. Durães","Carlos Fonegra"], "correctAnswer":0},
  {"category":"anitta","question": "Quem vai ter seu app de Quiz publicado na Play Store", "choices": ["Judson Nunes","Judson Silva","Judson V. Durães","Carlos Fonegra"], "correctAnswer":0},
  {"category":"general","question": "Quem vai ter seu app de Quiz publicado na Play Store", "choices": ["Judson Nunes","Judson Silva","Judson V. Durães","Carlos Fonegra"], "correctAnswer":0},
  {"category":"general","question": "Quem vai ter seu app de Quiz publicado na Play Store", "choices": ["Judson Nunes","Judson Silva","Judson V. Durães","Carlos Fonegra"], "correctAnswer":0},
  {"category":"general","question": "Quem vai ter seu app de Quiz publicado na Play Store", "choices": ["Judson Nunes","Judson Silva","Judson V. Durães","Carlos Fonegra"], "correctAnswer":0},
  {"category":"general","question": "Quem vai ter seu app de Quiz publicado na Play Store", "choices": ["Judson Nunes","Judson Silva","Judson V. Durães","Carlos Fonegra"], "correctAnswer":0},
  {"category":"general","question": "Quem vai ter seu app de Quiz publicado na Play Store", "choices": ["Judson Nunes","Judson Silva","Judson V. Durães","Carlos Fonegra"], "correctAnswer":0}

]}