{
  "project_info": {
    "project_number": "950923842903",
    "firebase_url": "https://calcularmediaunipfree.firebaseio.com",
    "project_id": "calcularmediaunipfree",
    "storage_bucket": "calcularmediaunipfree.appspot.com"
  },
  "client": [
    {
      "client_info": {
        "mobilesdk_app_id": "1:950923842903:android:e1d3603862de3723",
        "android_client_info": {
          "package_name": "com.judsonnunes.calcularmedia"
        }
      },
      "oauth_client": [
        {
          "client_id": "950923842903-9q4eobb1aag6bts78gco3p6lac3cqub0.apps.googleusercontent.com",
          "client_type": 3
        }
      ],
      "api_key": [
        {
          "current_key": "AIzaSyDwFSB3_e4BNAawHZRG3vU0rW85smJKjwA"
        }
      ],
      "services": {
        "analytics_service": {
          "status": 1
        },
        "appinvite_service": {
          "status": 1,
          "other_platform_oauth_client": []
        },
        "ads_service": {
          "status": 2
        }
      }
    }
  ],
  "configuration_version": "1"
}