{
  "project_info": {
    "project_number": "954250135119",
    "firebase_url": "https://quiz-news-1.firebaseio.com",
    "project_id": "quiz-news-1",
    "storage_bucket": "quiz-news-1.appspot.com"
  },
  "client": [
    {
      "client_info": {
        "mobilesdk_app_id": "1:954250135119:android:7302bddaee699c1a",
        "android_client_info": {
          "package_name": "com.judsonnunes.quiznews1"
        }
      },
      "oauth_client": [
        {
          "client_id": "954250135119-veaduh0hnlc148e062pk49icibt13i02.apps.googleusercontent.com",
          "client_type": 3
        }
      ],
      "api_key": [
        {
          "current_key": "AIzaSyA2vnAVpYzGoZtaaRtDkPFrIX8hxvfBmHA"
        }
      ],
      "services": {
        "appinvite_service": {
          "other_platform_oauth_client": [
            {
              "client_id": "954250135119-veaduh0hnlc148e062pk49icibt13i02.apps.googleusercontent.com",
              "client_type": 3
            }
          ]
        }
      }
    }
  ],
  "configuration_version": "1"
}